id;title;date;time;details
1;antibody;2024-08-28T17:55:06;apropos yum;whoa
2;because who;2024-08-28T10:56:21;sidetrack glistening liquefy;plot since
3;viciously limb chin;2024-08-28T09:29:50;mast;rerun by
4;graceful fooey;2024-08-29T04:48:15;nor;very boatyard substance
5;kindheartedly rare mule;2024-08-28T15:52:18;after truthfully;hemorrhage
6;amongst gadzooks;2024-08-28T20:47:55;rotten tribe;prospect worthless camp
7;colorfully until imaginary;2024-08-29T06:53:00;bah midwife;crowd investigator that
8;sunbeam oh tattered;2024-08-28T20:29:10;whereas;develop
9;beanie;2024-08-29T00:06:31;whimsical tenderly frenzy;fortunately
10;however;2024-08-29T01:01:44;ick booster;danger atop active
