id;login;first_name;last_name;email;image_url;activated;lang_key
1;"XauL7D";Florence;Hills;Andreane29@yahoo.com;boo;false;sometimes 
2;"GV";Tracey;McDermott;Gene.Rice48@yahoo.com;how though across;false;huzzah
3;"WHST@RB\[A6o\%lwye\gdcQiQZ\LH\$Htx";Drew;Kreiger;Elfrieda_Beer@gmail.com;viciously perfectly requite;true;substantia
4;"_9h";Gertrude;Collier;Rene.Waters21@hotmail.com;abseil disclosure;true;fondly
5;"h{I!6q@3DB4\`6O\:a\dIrf-";Orlando;Zulauf;Theodore16@yahoo.com;huzzah until;false;ham swing
6;"u";Missouri;Hyatt;Anthony.Upton8@gmail.com;deceivingly in;false;overwork
7;"3fnH";Rafael;Goodwin;Melyna40@yahoo.com;fuzzy jet or;false;toothbrush
8;"ZV5AHH";Tressie;Schmitt;Herta_Emmerich79@yahoo.com;readies discourse violently;true;upright ca
9;"n.ky4v@Ns";Lester;Beer;Arne27@hotmail.com;director rewrite;false;out wherev
10;"eUrcI";Monte;Kuhn;Anne.Altenwerth@yahoo.com;quarrelsomely roundabout;false;surface un
